/*
Navicat MySQL Data Transfer

Source Server         : dmbjz
Source Server Version : 50561
Source Host           : localhost:3306
Source Database       : tx_xiami

Target Server Type    : MYSQL
Target Server Version : 50561
File Encoding         : 65001

Date: 2020-04-05 17:33:34
*/

SET FOREIGN_KEY_CHECKS=0;

-- ----------------------------
-- Table structure for `album`
-- ----------------------------
DROP TABLE IF EXISTS `album`;
CREATE TABLE `album` (
  `AID` int(10) NOT NULL AUTO_INCREMENT,
  `ANAME` varchar(100) DEFAULT NULL,
  `PIC` varchar(200) DEFAULT NULL,
  `COMPANY` varchar(50) DEFAULT NULL,
  `PDATE` date DEFAULT NULL,
  `LANG` varchar(50) DEFAULT NULL,
  PRIMARY KEY (`AID`)
) ENGINE=InnoDB AUTO_INCREMENT=41 DEFAULT CHARSET=utf8;

-- ----------------------------
-- Records of album
-- ----------------------------
INSERT INTO `album` VALUES ('1', '一颗滚石的25年', '/pic/ffff5be4-82da-4285-81d9-ab2a3f9f96ab.jpg', '华纳', '2014-05-23', '汉语');
INSERT INTO `album` VALUES ('2', '做你的男人', '/pic/1a634d0f-49b5-4c79-8ca4-a6713f6bab1a.jpg', '海蝶唱片', '2006-10-10', '粤语');
INSERT INTO `album` VALUES ('3', '我在未来', '/pic/002b9965-a26e-451f-946d-33bc0cb85d0c.jpg', '华纳', '2004-09-29', '国语');
INSERT INTO `album` VALUES ('4', '一个任贤齐', '/pic/1e044629-8647-4387-9748-d46e257554bf.jpg', '滚石唱片', '2016-10-05', '国语');
INSERT INTO `album` VALUES ('5', '曾经拥有', '/pic/f11dd98e-5896-43fd-a11d-656a2b9a28df.jpg', '华纳', '2006-10-10', '国语');
INSERT INTO `album` VALUES ('6', '狼人情歌', '/pic/e5f0fd6f-e194-4323-a6c7-5c4c62576a1b.jpg', '滚石唱片', '2008-09-09', '国语');
INSERT INTO `album` VALUES ('7', '刻骨铭心', '/pic/7fbd06fb-a714-4104-a17b-701f9fc376f1.jpg', '华纳', '2008-10-07', '国语');
INSERT INTO `album` VALUES ('38', '万古生香', '/pic/7f7bda12-bc52-4d4a-af0b-f0442e20889a.PNG', '哔哩哔哩', '2020-03-24', '华语');

-- ----------------------------
-- Table structure for `comment`
-- ----------------------------
DROP TABLE IF EXISTS `comment`;
CREATE TABLE `comment` (
  `COMMENT_ID` int(10) NOT NULL AUTO_INCREMENT,
  `COM_COMMENT_ID` int(10) DEFAULT NULL,
  `USER_ID` int(10) DEFAULT NULL,
  `COMMENT_CONTENT` text,
  `Z_COUNT` int(10) DEFAULT NULL,
  PRIMARY KEY (`COMMENT_ID`)
) ENGINE=InnoDB DEFAULT CHARSET=utf8mb4;

-- ----------------------------
-- Records of comment
-- ----------------------------

-- ----------------------------
-- Table structure for `login`
-- ----------------------------
DROP TABLE IF EXISTS `login`;
CREATE TABLE `login` (
  `id` int(10) NOT NULL AUTO_INCREMENT,
  `username` varchar(20) NOT NULL,
  `password` varchar(20) NOT NULL,
  PRIMARY KEY (`id`)
) ENGINE=InnoDB AUTO_INCREMENT=18 DEFAULT CHARSET=utf8;

-- ----------------------------
-- Records of login
-- ----------------------------
INSERT INTO `login` VALUES ('1', 'admin', 'admin');
INSERT INTO `login` VALUES ('17', 'honor', 'honor');

-- ----------------------------
-- Table structure for `mtype`
-- ----------------------------
DROP TABLE IF EXISTS `mtype`;
CREATE TABLE `mtype` (
  `TID` int(10) NOT NULL AUTO_INCREMENT,
  `TNAME` varchar(50) DEFAULT NULL,
  `TDESC` varchar(100) DEFAULT NULL,
  PRIMARY KEY (`TID`)
) ENGINE=InnoDB AUTO_INCREMENT=23 DEFAULT CHARSET=utf8;

-- ----------------------------
-- Records of mtype
-- ----------------------------
INSERT INTO `mtype` VALUES ('1', '流行', '流行音乐准确的概念为商品音乐，是指以盈利为主要目的而创作的音乐');
INSERT INTO `mtype` VALUES ('2', '摇滚', '一种小众的感觉');
INSERT INTO `mtype` VALUES ('3', '电子', '比较有代表性的流派有表现主义流派及新古典主义流派');
INSERT INTO `mtype` VALUES ('4', '节奏布鲁斯', '是一种首先非裔美国人艺术家所演奏，并融合了爵士乐、福音音乐和电子布鲁斯音乐的音乐形式');
INSERT INTO `mtype` VALUES ('5', '爵士', '以具有摇摆特点的Shuffle节奏为基础，是非洲黑人文化和欧洲白人文化的结合。');
INSERT INTO `mtype` VALUES ('6', '轻音乐', '轻音乐以通俗方式诠释乐曲，其来源可以是原创，也可以是对古典音乐、流行音乐或者民间音乐进行改编而成');
INSERT INTO `mtype` VALUES ('7', '嘻哈（说唱）', '是指有节奏地说话的特殊唱歌形式');
INSERT INTO `mtype` VALUES ('8', '动漫', '动漫音乐是指一部动漫（Animation&Comic）（动画+漫画）作品中的音');
INSERT INTO `mtype` VALUES ('9', '金属', '以相对于那些可直接分类音乐的不同寻常的敏感形成了自己的风格');
INSERT INTO `mtype` VALUES ('10', '朋克', '反叛、反叛、再反叛！');
INSERT INTO `mtype` VALUES ('11', '世界音乐', '广义的世界音乐可以泛指世界上所有的民族音乐');
INSERT INTO `mtype` VALUES ('12', '新世纪', '新世纪音乐是介于电子音乐和古典音乐之间的新样式');
INSERT INTO `mtype` VALUES ('13', '舞台/银幕/娱乐', '舞台表演背景音乐');
INSERT INTO `mtype` VALUES ('14', '乡村', '是一种具有美国民族特色的流行音乐');
INSERT INTO `mtype` VALUES ('15', '雷鬼', '雷鬼音乐是一种由斯卡（Ska）和洛克斯代迪（Rock Steady）音乐演变而来');
INSERT INTO `mtype` VALUES ('16', '古典', '“古典”给人的感觉有古董、古板的味道');
INSERT INTO `mtype` VALUES ('17', '拉丁', '从美国与墨西哥交界的格兰德河到最南端的合恩角之间的拉丁美洲地区的流行音乐');
INSERT INTO `mtype` VALUES ('19', '儿童', '少年儿童学习音乐知识，提高音乐素养的');
INSERT INTO `mtype` VALUES ('20', '有声读物', '也就是人们常说的可发音的“电子书”。');

-- ----------------------------
-- Table structure for `song`
-- ----------------------------
DROP TABLE IF EXISTS `song`;
CREATE TABLE `song` (
  `SID` int(10) NOT NULL AUTO_INCREMENT,
  `TID` int(10) DEFAULT NULL,
  `SRID` int(10) DEFAULT NULL,
  `AID` int(10) DEFAULT NULL,
  `SNAME` varchar(50) DEFAULT NULL,
  `PIC` varchar(100) DEFAULT NULL,
  `MP3` varchar(100) DEFAULT NULL,
  `LRC` text,
  `IS_HOT` int(2) DEFAULT NULL,
  `IS_NEW` int(2) DEFAULT NULL,
  `PTIMES` int(100) DEFAULT NULL,
  `AUDIT_STATUS` int(2) DEFAULT NULL,
  `SHOW_STATUS` int(2) DEFAULT NULL,
  PRIMARY KEY (`SID`)
) ENGINE=InnoDB AUTO_INCREMENT=36 DEFAULT CHARSET=utf8;

-- ----------------------------
-- Records of song
-- ----------------------------
INSERT INTO `song` VALUES ('1', '1', '2', '2', '爱如潮水', '/pic/1040cf90-2c0e-4b23-a4b6-4b18c6f6b7a6.jpg', '/mp3/8e018892-2bbf-42a0-98b9-03afbddc709a.mp3', '[00:02.58]爱如潮水\r\n[00:04.78]演唱：张信哲\r\n[00:07.00]\r\n[00:31.12]不问你为何流眼泪\r\n[00:38.03]不在乎你心里还有谁\r\n[00:45.12]请让我给你安慰\r\n[00:49.06]不论结局是喜是悲\r\n[00:52.73]走过千山万水\r\n[00:55.76]在我心里你永远是那么美\r\n[01:03.06]既然爱了就不后悔\r\n[01:10.49]再多的苦我也愿意背\r\n[01:17.47]我的爱如潮水爱如潮水将我向你推\r\n[01:25.04]紧紧跟随\r\n[01:27.94]爱如潮水她将你我包围\r\n[01:34.48]我再也不愿见你在深夜里买醉\r\n[01:38.21]不愿别的男人见识你的妩媚\r\n[01:41.97]你该知道这样会让我心碎\r\n[01:48.69]答应我你从此不在深夜里徘徊\r\n[01:52.74]不要轻易尝试放纵的滋味\r\n[01:56.49]你可知道这样会让我心碎\r\n[02:06.17]\r\n[02:32.85]既然爱了就无怨无悔\r\n[02:40.01]再多的苦我也愿意背\r\n[02:46.98]我的爱如潮水爱如潮水将我向你推\r\n[02:54.55]紧紧跟随\r\n[02:57.45]爱如潮水她将你我包围\r\n[03:04.05]我再也不愿见你在深夜里买醉\r\n[03:07.75]不愿别的男人见识你的妩媚\r\n[03:11.61]你该知道这样会让我心碎\r\n[03:18.54]答应我你从此不在深夜里徘徊\r\n[03:22.45]不要轻易尝试放纵的滋味\r\n[03:26.01]你可知道这样会让我心碎\r\n[03:32.74]我再也不愿见你在深夜里买醉\r\n[03:36.42]不愿别的男人见识你的妩媚\r\n[03:40.39]你该知道这样会让我心碎\r\n[03:47.12]答应我你从此不在深夜里徘徊\r\n[03:51.01]不要轻易尝试放纵的滋味\r\n[03:54.74]你可知道这样会让我心碎\r\n[04:01.55]', '1', '0', '0', null, '0');
INSERT INTO `song` VALUES ('2', '1', '1', '1', '爱要怎么说出口', '/pic/cb6be4b0-85fe-4fa4-a033-f489a9cc6fa4.jpg', '/mp3/817b8a25-7e30-493e-ae50-fd7a85257951.mp3', '[ti:]\r\n[ar:]\r\n[al:]\r\n[by:九九Lrc歌词网～www.99Lrc.net]\r\n[00:02.00]爱要怎么说出口\r\n[00:04.00]演唱：赵传\r\n[00:06.00]\r\n[00:21.01]我痛 啊\r\n[00:34.73]叫我怎么能不难过\r\n[00:38.05]你劝我灭了心中的火\r\n[00:41.55]我还能够怎么说 \r\n[00:45.25]怎么说都是错\r\n[00:49.81]你对我说 \r\n[00:51.13]离开就会解脱\r\n[00:52.85]试着自已去生活\r\n[00:55.77]试着找寻自我 \r\n[00:59.39]别再为爱蹉跎\r\n[01:02.44]只是爱要怎么说出口 \r\n[01:07.81]我的心里好难受\r\n[01:11.59]如果能将你拥有 \r\n[01:14.67]我会忍住不让眼泪流\r\n[01:19.05]第一次握你的手 \r\n[01:22.73]指尖传来你的温柔\r\n[01:26.48]每一次深情眼光的背后\r\n[01:29.58]谁知道会有多少愁 \r\n[01:33.20]多少愁\r\n[01:36.96]\r\n[01:38.56]叫我怎么能不难过\r\n[01:41.69]你劝我灭了心中的火\r\n[01:45.31]我还能怎么做 \r\n[01:48.88]怎么做都是错\r\n[01:53.53]如果要我 \r\n[01:54.71]把心对你解剖\r\n[01:56.54]只要改变这结果\r\n[01:59.62]我会说我愿意做 \r\n[02:03.16]我受够了寂寞\r\n[02:06.89]\r\n[02:35.90]只是爱要怎么说出口\r\n[02:41.20]我的心里好难受\r\n[02:45.00]如果能将你拥有 \r\n[02:47.78]我会忍住不让眼泪流\r\n[02:52.50]第一次握你的手 \r\n[02:56.08]指尖传来你的温柔\r\n[02:59.72]每一次深情眼光的背后\r\n[03:02.81]谁知道会有多少愁 \r\n[03:06.53]多少愁\r\n[03:11.22]爱要怎么说出口 \r\n[03:14.87]我的心里好难受\r\n[03:19.06]如果能将你拥有 \r\n[03:21.65]我会忍住不让眼泪流\r\n[03:26.26]第一次握你的手 \r\n[03:29.88]指尖传来你的温柔\r\n[03:33.64]每一次深情眼光的背后\r\n[03:36.50]谁知道会有多少愁 \r\n[03:40.31]多少愁\r\n[03:43.85]\r\n[03:49.41]叫我怎么能不难过\r\n[03:52.53]你劝我灭了心中的火\r\n[03:56.22]我还能够怎么说 \r\n[04:00.03]怎么说都是错\r\n[04:04.30]你对我说 离开就会解脱\r\n[04:07.58]试着自已去生活\r\n[04:10.51]试着找寻自我 \r\n[04:15.16]何必为爱蹉跎\r\n[04:20.52]', '1', '0', '0', null, '0');
INSERT INTO `song` VALUES ('3', '1', '3', '3', '大约在冬季', '/pic/5c646b36-56ba-4371-934a-145aafff9fb1.jpg', '/mp3/f156e194-74fc-441b-afb6-4901ce8a7b29.mp3', '[ti:大约在冬季]\r\n[ar:齐秦]\r\n\r\n[00:02.81]大约在冬季\r\n[00:09.42]词曲：齐秦\r\n[00:10.81]演唱：齐秦\r\n[00:12.81]\r\n[00:15.62]轻轻的我将离开你\r\n[00:18.62]请将眼角的泪拭去\r\n[00:21.77]漫漫长夜里  未来日子里\r\n[00:25.02]亲爱的你别为我哭泣\r\n[00:28.65]前方的路虽然太凄迷\r\n[00:31.56]请在笑容里为我祝福\r\n[00:34.75]虽然迎著风  虽然下著雨\r\n[00:37.99]我在风雨之中念著你\r\n[00:41.79]没有你的日子里\r\n[00:44.47]我会更加珍惜自己\r\n[00:48.20]没有我的岁月里\r\n[00:50.98]你要保重你自己\r\n[00:54.58]你问我何时归故里\r\n[00:57.56]我也轻声地问自己\r\n[01:00.85]不是在此时  不知在何时\r\n[01:04.06]我想大约会是在冬季\r\n[01:07.19]不是在此时  不知在何时\r\n[01:10.48]我想大约会是在冬季\r\n[01:14.10]\r\n[01:26.76]轻轻的我将离开你\r\n[01:30.06]请将眼角的泪拭去\r\n[01:33.28]漫漫长夜里  未来日子里\r\n[01:36.47]亲爱的你别为我哭泣\r\n[01:40.03]前方的路虽然太凄迷\r\n[01:43.00]请在笑容里为我祝福\r\n[01:46.19]虽然迎著风  虽然下著雨\r\n[01:49.28]我在风雨之中念著你\r\n[01:53.40]没有你的日子里\r\n[01:56.00]我会更加珍惜自己\r\n[01:59.52]没有我的岁月里\r\n[02:02.45]你要保重你自己\r\n[02:06.05]你问我何时归故里\r\n[02:08.99]我也轻声地问自己\r\n[02:12.17]不是在此时  不知在何时\r\n[02:15.49]我想大约会是在冬季\r\n[02:18.75]不是在此时  不知在何时\r\n[02:21.97]我想大约会是在冬季\r\n[02:25.41]\r\n[03:03.96]没有你的日子里\r\n[03:07.06]我会更加珍惜自己\r\n[03:11.11]没有我的岁月里\r\n[03:13.96]你要保重你自己\r\n[03:17.11]你问我何时归故里\r\n[03:20.56]我也轻声地问自己\r\n[03:23.60]不是在此时  不知在何时\r\n[03:26.95]我想大约会是在冬季\r\n[03:30.27]不是在此时  不知在何时\r\n[03:33.58]我想大约会是在冬季\r\n[03:36.87]不是在此时  不知在何时\r\n[03:40.13]我想大约会是在冬季\r\n[03:50.79]', '1', '0', '0', null, '0');
INSERT INTO `song` VALUES ('5', '1', '2', '2', '我是真的爱你', '/pic/b36f49ea-803d-4e08-b0a6-2fef17e2bde5.jpg', '/mp3/5a746d51-8025-4308-a6a6-4f65e797b101.mp3', '[ti:我是真的爱你]\r\n[ar:张信哲]\r\n[al:心事]\r\n[by:http://www.9ku.com]\r\n[00:00]张信哲--我是真的爱你\r\n[00:39]曾经自己\r\n[00:44]像浮萍一样无依\r\n[00:49]对爱情莫名的恐惧\r\n[00:55]但是天让我遇见了你\r\n[01:02]初初见你\r\n[01:06]人群中独自美丽\r\n[01:12]你仿佛有一种魔力\r\n[01:17]那一刻我竟然无法言语\r\n[01:24]从此为爱受委屈\r\n[01:27]不能再躲避\r\n[01:30]于是你成为我生命中最美的记忆\r\n[01:35]甜蜜的言语\r\n[01:38]怎么说也说不腻\r\n[01:41]我整个世界已完全被你占据\r\n[01:47][04:24]我想我是真的爱你\r\n[01:52][04:31]我是真的爱你\r\n[01:57][04:36]我是真的爱你\r\n[02:45]我全心全意\r\n[02:50]等待着你说愿意\r\n[02:56]也许是我太心急\r\n[03:01]竟然没发现你眼里的犹豫\r\n[03:08]只是你又何必\r\n[03:12]狠心将一切都抹去\r\n[03:18]你绝情飘然远离\r\n[03:24]连告别的话也没有一句\r\n[03:30]请你让我随你去\r\n[03:33][04:00][04:03]让我随你去\r\n[03:36][04:06]我愿陪在你的身边为你挡风遮雨\r\n[03:42][04:12]让我随你去\r\n[03:45][04:15]让我随你去\r\n[03:47][04:17]我愿陪在你的身旁等你回心转意\r\n[03:53]我是真的爱你', '1', '0', '0', '0', '0');
INSERT INTO `song` VALUES ('6', '1', '2', '2', '白月光', '/pic/ee3b9faa-5aa6-4cf7-94d2-b8a11e91dbc5.jpg', '/mp3/ad702f5c-6862-40f6-85ac-555ad59a009c.mp3', '[ti:白月光]\r\n[ar:张信哲]\r\n[al:下一个永远]\r\n[00:30.72]白月光\r\n[00:32.96]心里某个地方\r\n[00:37.51]那么亮\r\n[00:40.05]却那么冰凉\r\n[00:43.21]每个人\r\n[00:45.74]都有一段悲伤\r\n[00:49.76]想隐藏\r\n[00:52.31]却欲盖弥彰\r\n[00:56.75]白月光\r\n[00:58.90]照天涯的两端\r\n[01:02.38]在心上\r\n[01:05.08]却不在身旁\r\n[01:09.26]擦不干\r\n[01:11.15]你当时的泪光\r\n[01:15.22]路太长\r\n[01:17.89]追不回原谅\r\n[01:22.08]你是我\r\n[01:24.79]不能言说的伤\r\n[01:27.60]想遗忘\r\n[01:31.41]又忍不住回想\r\n[01:34.83]像流亡\r\n[01:37.84]一路跌跌撞撞\r\n[01:41.30]你的捆绑\r\n[01:45.00]无法释放\r\n[01:50.98]白月光\r\n[01:52.74]照天涯的两端\r\n[01:56.79]越圆满\r\n[01:59.14]越觉得孤单\r\n[02:02.43]擦不干\r\n[02:05.36]回忆里的泪光\r\n[02:09.18]路太长\r\n[02:11.87]怎么补偿\r\n[02:41.52]你是我\r\n[02:44.54]不能言说的伤\r\n[02:47.83]想遗忘\r\n[02:51.27]又忍不住回想\r\n[02:55.16]像流亡\r\n[02:57.33]一路跌跌撞撞\r\n[03:01.17]你的捆绑\r\n[03:04.22]无法释放\r\n[03:10.50]白月光\r\n[03:12.33]心里某个地方\r\n[03:16.45]那么亮\r\n[03:18.52]却那么冰凉\r\n[03:22.41]每个人\r\n[03:24.90]都有一段悲伤\r\n[03:29.00]想隐藏\r\n[03:31.56]却在生长\r\n[03:36.07]mumumu…http://www.5nd.com', '1', '0', '0', '0', '0');
INSERT INTO `song` VALUES ('7', '1', '2', '2', '爱就一个字', '/pic/5fff26cd-b64c-4f85-be96-db05ba908219.jpg', '/mp3/bd262ec1-c334-47a2-94bf-7f43d45e635f.mp3', '[00:19.72]拨开天空的乌云\r\n[00:22.97]像蓝丝绒一样美丽\r\n[00:27.08]我为你翻山越岭\r\n[00:30.90]却无心看风景\r\n[00:34.09]我想你 身不由己\r\n[00:38.82]每个念头有新的梦境\r\n[00:42.34]但愿你没忘记\r\n[00:46.37]我永远保护你\r\n[00:48.76]不管风雨的打击 全心全意\r\n[00:55.01]两个人相互辉映\r\n[00:58.84]光芒胜过夜晚繁星\r\n[01:02.85]我为你翻山越岭\r\n[01:06.71]却无心看风景\r\n[01:09.85]我想你 鼓足勇气\r\n[01:14.68]凭爱的地图散播讯息\r\n[01:17.88]但愿你没忘记\r\n[01:22.15]我永远保护你\r\n[01:24.44]从此不必再流浪找寻\r\n[01:29.57]爱就一个字\r\n[01:31.57]我只说一次\r\n[01:33.48]你知道我只会用行动表示\r\n[01:37.43]承诺一辈子\r\n[01:39.45]守住了坚持\r\n[01:42.44]付出永远不会太迟\r\n[01:45.40]爱就一个字\r\n[01:47.44]我只说一次\r\n[01:49.49]恐怕听见的人勾起了相思\r\n[01:53.32]任时光飞逝 搜索你的影子\r\n[01:58.21]让你幸福我愿意试\r\n[02:26.38]两个人相互辉映\r\n[02:29.98]光芒胜过夜晚繁星\r\n[02:34.01]我为你翻山越岭\r\n[02:37.87]却无心看风景\r\n[02:41.12]我想你 鼓足勇气\r\n[02:45.93]凭爱的地图散播讯息\r\n[02:49.17]但愿你没忘记\r\n[02:53.45]我永远保护你\r\n[02:55.69]从此不必再流浪找寻\r\n[03:00.88]爱就一个字\r\n[03:02.78]我只说一次\r\n[03:04.81]你知道我只会用行动表示\r\n[03:08.78]承诺一辈子\r\n[03:10.69]守住了坚持\r\n[03:13.77]付出永远不会太迟\r\n[03:16.64]爱就一个字\r\n[03:18.67]我只说一次\r\n[03:20.73]恐怕听见的人勾起了相思\r\n[03:24.57]任时光飞逝 搜索你的影子\r\n[03:29.60]让你幸福我愿意试\r\n[03:36.68]爱就一个字\r\n[03:38.59]我只说一次\r\n[03:40.80]你知道我只会用行动表示\r\n[03:44.53]承诺一辈子\r\n[03:46.46]守住了坚持\r\n[03:49.46]付出永远不会太迟\r\n[03:52.48]爱就一个字\r\n[03:54.35]我只说一次\r\n[03:56.54]恐怕听见的人勾起了相思\r\n[04:00.22]任时光飞逝 搜索你的影子\r\n[04:05.26]让你幸福是我一生在乎的事', '1', '0', '0', '0', '0');
INSERT INTO `song` VALUES ('8', '1', '4', '7', '一千个伤心的理由', '/pic/dec78561-94af-4b59-8f8e-7159e8d00985.jpg', '/mp3/f20a35b8-955b-4491-b7e6-82fbb9b757eb.mp3', '[ti:一千个伤心的理由]\r\n[ar:张学友]\r\n[al:张学友 - 一千个伤心的理由]\r\n[by:]\r\n[offset:0]\r\n[t_time:(04:34)]\r\n[by:(爱歌词网)]\r\n[00:00.00] 欢迎您\r\n[00:05.00]一千个伤心的理由\r\n[00:26.69]爱过的人\r\n[00:31.50]我已不再拥有\r\n[00:35.31]许多故事\r\n[00:38.49]有伤心的理由\r\n[00:42.05]这一次我的爱情\r\n[00:45.60]等不到天长地久\r\n[00:48.92]错过的人\r\n[00:51.18]是否可以回首\r\n[00:55.96]爱过的心\r\n[00:59.33]没有任何祈求\r\n[01:03.38]许多故事\r\n[01:06.34]有伤心的理由\r\n[01:09.92]这一次我的爱情\r\n[01:13.23]等不到天长地久\r\n[01:16.61]走过的路\r\n[01:19.05]再也不能停留\r\n[01:23.21]一千个伤心的理由\r\n[01:27.11]一千个伤心的理由\r\n[01:31.01]最后我的爱情在故事里慢慢陈旧\r\n[01:37.55]一千个伤心的理由\r\n[01:41.18]一千个伤心的理由\r\n[01:44.67]最后在别人的故事里我被遗忘\r\n[01:57.73]music\r\n[02:08.55]爱过的心\r\n[02:10.64]没有任何祈求\r\n[02:14.70]许多故事\r\n[02:17.48]有伤心的理由\r\n[02:21.00]这一次我的爱情\r\n[02:23.93]等不到天长地久\r\n[02:27.76]走过的路\r\n[02:30.20]再也不能停留\r\n[02:34.35]一千个伤心的理由\r\n[02:38.62]一千个伤心的理由\r\n[02:42.16]最后我的爱情在故事里慢慢陈旧\r\n[02:48.64]一千个伤心的理由\r\n[02:52.40]一千个伤心的理由\r\n[02:56.40]最后在别人的故事里我被遗忘\r\n[03:04.74]music\r\n[03:25.25]一千个伤心的理由\r\n[03:30.54]一千个伤心的理由\r\n[03:34.42]最后我的爱情在故事里慢慢陈旧\r\n[03:40.70]一千个伤心的理由\r\n[03:44.43]一千个伤心的理由\r\n[03:48.36]最后在别人的故事里我被遗忘\r\n[04:04.09]music', '1', '0', '0', '0', '0');
INSERT INTO `song` VALUES ('9', '1', '4', '7', '饿狼传说', '/pic/dfc92cea-cb25-48ba-8895-69ccbceae63d.jpg', '/mp3/ca5f6844-f393-45ed-b989-bd6bdafdc0f6.mp3', '[ti:饿狼传说]\r\n[ar:张学友]\r\n[al:饿狼传说]\r\n[by:]\r\n\r\n[00:05.00]饿狼传说\r\n[00:10.19]演唱：张学友\r\n[00:15.28]\r\n[00:36.36]她熄掉晚灯 幽幽掩两肩\r\n[00:40.29]交织了火花 拘禁在沉淀\r\n[00:44.17]心刚被割损 经不起变迁\r\n[00:48.04]她偏以指尖 牵引著磁电\r\n[00:52.41]汹涌的爱扑着我尽力乱吻缠\r\n[01:00.24]偏偏知道爱令我无明天\r\n[01:07.57]她倚着我肩 呼吸响耳边\r\n[01:11.31]高温已产生 色相令人乱\r\n[01:15.14]君子在摸火 吹不走暖烟\r\n[01:19.02]她加上嘴巴 给我做磨练\r\n[01:23.40]汹涌的爱扑着我尽力乱吻乱缠\r\n[01:31.25]偏偏知道爱令我无明天\r\n[01:38.48]爱会像头饿 狼嘴巴似极甜\r\n[01:42.12]假使走近玩玩她凶相便呈现\r\n[01:46.12]爱会像头饿 狼岂可抱着眠\r\n[01:49.88]她必给我狠狠的伤势做留念\r\n[01:54.87]\r\n[02:00.58]她倚着我肩 呼吸响耳边\r\n[02:04.51]高温已产生 色相令人乱\r\n[02:08.36]君子在摸火 吹不走暖烟\r\n[02:12.21]她加上嘴巴 给我做磨练\r\n[02:16.63]汹涌的爱扑着我尽力乱吻乱缠\r\n[02:24.33]偏偏知道爱令我无明天\r\n[02:31.69]爱会像头饿狼 嘴巴似极甜\r\n[02:35.36]假使走近玩玩她凶相便呈现\r\n[02:39.29]爱会像头饿狼 岂可抱着眠\r\n[02:43.06]她必给我狠狠的伤势做留念\r\n[02:47.09]爱会像头饿狼 嘴巴似极甜\r\n[02:50.73]假使走近玩玩她凶相便呈现\r\n[02:54.92]爱会像头饿狼 岂可抱着眠\r\n[02:58.55]她必给我狠狠的伤势做留念\r\n[03:03.75]\r\n[03:36.44]爱会像头饿狼 嘴巴似极甜\r\n[03:40.15]假使走近玩玩她凶相便呈现\r\n[03:44.25]爱会像头饿狼 岂可抱着眠\r\n[03:47.94]她必给我狠狠的伤势做留念\r\n[03:51.96]爱会像头饿狼 嘴巴似极甜\r\n[03:55.70]假使走近玩玩她凶相便呈现\r\n[03:59.77]爱会像头饿狼 岂可抱着眠\r\n[04:03.47]他必给我狠狠的伤势做留念\r\n[04:08.38]', '1', '0', '0', '0', '0');
INSERT INTO `song` VALUES ('10', '1', '4', '7', '等你等到我心痛', '/pic/c881093a-daec-4e26-a0a4-eb5e960a5b65.jpg', '/mp3/dc97e43b-2606-43bd-917b-1e4b6084e668.mp3', '[ti:等你等到我心痛]\r\n[ar:张学友]\r\n[al:]\r\n[by:mp3.5nd.com]\r\n[00:00.00] 等你等到我心痛\r\n[00:06.00]版本：粤语\r\n[00:14.00]在这美丽的夜里, 等你等到我心碎\r\n[00:22.00]怎么不见旧爱侣, 问问为何我空虚\r\n[00:30.00]是我错失的字句, 把你伤透我不对\r\n[00:37.00]今晚请你念过去, 来将心窝占据\r\n[03:22.00][00:49.00]让我继续等下去, 等你等到我心碎\r\n[03:29.00][00:56.00]星星今晚伴我醉, 就象同情我空虚\r\n[01:04.00]又在雨中等你, 痴痴的我已心碎\r\n[01:11.00]眼眶的雨渐引退, 人消失风里去\r\n[02:51.00][01:20.00]等你等你等你 一世一世等你\r\n[02:55.00][01:24.00]我真的真的不愿舍弃\r\n[02:59.00][01:28.00]很想当天的一切能回味\r\n[03:06.00][01:35.00]想你想你苦痛, 等你等到心痛,\r\n[03:10.00][01:39.00]无情的北风将我吹送\r\n[03:15.00][01:43.00]孤孤单单的我有点冻\r\n[02:19.00]在这冷漠的夜里, 等你等到我心碎\r\n[02:27.00]始终不见旧爱侣, 寂寥别愁各一堆\r\n[02:35.00]是我错失的字句, 把你伤透我不对\r\n[02:42.00]今晚请你念过去, 来将心窝占据\r\n[03:36.00]又在雨中等你, 痴痴的我心已碎\r\n[03:43.00]眼眶的雨渐引退, 人消失风里去\r\nhttp://www.5nd.com', '1', '0', '0', '0', '0');
INSERT INTO `song` VALUES ('11', '2', '4', '7', '你好毒', '/pic/26317da0-73f5-41df-8ed0-4eb014fd925c.jpg', '/mp3/aa5b6923-13f6-4868-ac5d-9edfa6cfe393.mp3', '[ti:你好毒]\r\n[ar:陈小春]\r\n[al:头号男友]\r\n[by:Skydragon]\r\n[00:00]你好毒---陈小春\r\n[00:10]By:skydragon@cmmail.com\r\n[00:20]谢谢你的分手礼物\r\n[00:22]让我背着这个包袱\r\n[00:24]怎么好意思不跟你打招呼\r\n[00:28]谢谢你对我的保护\r\n[00:30]二话不说跟我跳舞\r\n[00:32]让我知道是我自己没风度\r\n[00:36]其实说再见可以不太恐怖\r\n[00:40]如果我们都变成冷血动物\r\n[02:31][01:43][00:47]我终于知道你好毒\r\n[03:08][02:52][02:35][02:03][01:47][00:52]离开你不管多残酷 也不许哭\r\n[03:12][02:56][02:39][02:07][01:51][00:56]我不得不说你好毒\r\n[03:17][03:01][02:44][02:12][01:55][01:00]让我再见你也对你佩服\r\n[03:19][03:03][02:47][02:14][01:58][01:03]教我学会分手的艺术\r\n[01:15]谢谢你送我的礼物\r\n[01:17]看得我眼睛都模糊\r\n[01:19]证明我这个人有多难相处\r\n[01:23]谢谢你恋爱的天赋\r\n[01:25]分手分得那么舒服\r\n[01:27]我也不好意思爱得太辛苦\r\n[01:30]其实说再见可以不太恐怖\r\n[01:34]如果我们都变成冷血动物\r\nhttp://www.5nd.com', '1', '0', '0', '0', '0');
INSERT INTO `song` VALUES ('12', '1', '4', '7', '一生只想跟你走', '/pic/7695ff72-5ebd-49c1-ac43-50d6a658a4fb.jpg', '/mp3/b8192195-7224-413f-ae2d-cac3b795fd61.mp3', '[ti:只想一生跟你走]\r\n[ar:张学友]\r\n[al:]\r\n[by:mp3.5nd.com]\r\n[00:00.00]只想一生跟你走 张学友\r\n[00:36.00]共你有过最美的邂逅\r\n[00:44.00]共你有过一些风雨忧愁\r\n[00:51.00]共你醉过痛过的最後\r\n[00:59.00]但我发觉想你不能没有\r\n[02:34.00][01:05.00]在你每次抱怨的眼眸\r\n[02:42.00][01:13.00]像我永远不懂给你温柔\r\n[02:49.00][01:20.00]别再诉说我俩早已分手\r\n[02:56.00][01:28.00]像你教我伤心依然未够\r\n[03:02.00][01:33.00]但你没带走 梦里的所有\r\n[03:10.00][01:41.00]让你走 为何让你看不透\r\n[04:05.00][03:17.00][01:48.00]但求你未淡忘 往日旧情\r\n[04:08.00][03:20.00][01:51.00]我愿默然带着泪流\r\n[04:10.00][03:22.00][01:53.00]很想一生跟你走\r\n[04:13.00][03:25.00][01:56.00]就算天边海角 多少改变\r\n[04:15.00][03:27.00][01:59.00]一生只有 风中追究\r\n[04:17.00][03:29.00][02:00.00]不想孤单的逗留\r\n[04:20.00][03:32.00][02:03.00]但求你未淡忘 往日旧情\r\n[04:22.00][03:35.00][02:06.00]我愿默然带着泪流\r\n[04:25.00][03:37.00][02:08.00]很想一生跟你走\r\n[04:28.00][03:40.00][02:11.00]在我心中的你 思海的你\r\n[04:30.00][03:42.00][02:13.00]今生不可不能没有\r\n[04:35.00][03:48.00][02:18.00](muic)只想一生跟你走 张学友\r\nhttp://www.5nd.com', '1', '0', '0', '0', '0');
INSERT INTO `song` VALUES ('13', '1', '4', '7', '情网', '/pic/0221555f-9b0d-45df-9e38-3459134da98a.jpg', '/mp3/89ac30ad-b063-4cd0-9be1-6f628d8496b6.mp3', '[ti:情网]\r\n[ar:扬扬]\r\n[al:天使之恋]\r\n[by:www.5nd.com]\r\n[offset:500]\r\n[00:03.00]扬扬 - 情网\r\n[00:06.00]作词：刘虞瑞　作曲：伍思凯\r\n[00:10.00]\r\n[00:15.00]-------\r\n[00:35.00]请你再为我点上一盏烛光，\r\n[00:43.02]因为我早已迷失了方向，\r\n[00:51.01]我掩饰不住的慌张，\r\n[00:54.93]在迫不急待地张望，\r\n[00:58.88]生怕这一路是好梦一场。\r\n[01:05.35]--\r\n[02:26.88][01:06.65]而你是一张无边无际的网，\r\n[02:34.44][01:14.68]轻易就把我困在网中央，\r\n[02:42.46][01:22.82]我越陷越深越迷惘，\r\n[02:46.32][01:26.71]路越走越远越漫长，\r\n[02:50.39][01:30.79]如何我才能锁住你眼光。\r\n[02:56.99][01:36.54]---\r\n[03:30.35][02:58.39][01:38.68]情愿就这样守在你身旁，\r\n[03:38.07][03:06.25][01:46.64]情愿就这样一辈子不忘，\r\n[03:46.24][03:14.28][01:54.67]我打开爱情这扇窗，\r\n[03:50.10][03:18.23][01:58.43]却看见长夜日凄凉，\r\n[03:54.11][03:22.27][02:02.50]问你是否会舍得我心伤。\r\n[04:01.09][03:28.24][02:09.38]------\r\nhttp://www.5nd.com', '1', '0', '0', '0', '0');
INSERT INTO `song` VALUES ('31', '8', '25', '38', '万古生香', '/pic/5cf01a0f-9dc9-45e8-85b1-b3345390fafd.PNG', '/mp3/6c14b086-bbb4-45c2-bbf1-07ed2923ea0b.mp3', '[00:00.57]祖娅纳惜 - 万古生香\r\n[00:01.39]作词：Vagary\r\n[00:01.50]作曲：litterzy\r\n[00:56.42]今夜若欠清光满堂\r\n[00:58.63]蘸笔天河绘万古生香\r\n[01:02.36]史笔滔滔烟霞绣像\r\n[01:04.59]就中拈来玲珑十二章\r\n[01:08.19]吹开汗青淋漓苍茫\r\n[01:10.47]明辨残稿谁秋水一双\r\n[01:13.95]书阁深处篆隶流芳\r\n[01:16.30]断简遗篇挥毫续兴亡\r\n[01:19.21]谁白草胡笳烽燧长\r\n[01:22.24]将半生哀毁以诗情抵挡\r\n[01:25.19]断弦含泪更张\r\n[01:28.43]最高贵流浪\r\n[01:30.44]隔几世玉楼试才歌咏琳琅\r\n[01:34.20]冠绝了乌衣巷\r\n[01:36.86]谁一语风絮荡荡\r\n[01:40.23]摹尽落雪茫茫\r\n[01:42.04]谁万里关山暂忘女儿模样\r\n[01:45.98]家与国都担当\r\n[01:48.58]再亲手摘下\r\n[01:51.03]黄河落日黑山飞霜\r\n[01:53.17]铁甲揩亮\r\n[01:54.81]舍旧时云裳\r\n[02:09.60]乱世担心碧血满腔\r\n[02:11.87]灵思千转一意辅隋杨\r\n[02:15.35]河山分裂终须入掌\r\n[02:17.70]百万明珠抬手赐名将\r\n[02:21.34]逸兴遄飞催花一场\r\n[02:23.60]犹记看朱成碧添惆怅\r\n[02:27.09]凰音一绽惊肃朝纲\r\n[02:29.45]无字空杯自不负倔强\r\n[02:32.47]谁一身风雅奉君王\r\n[02:35.48]持素心清明秤天下才郎\r\n[02:38.29]遇合锦绣黄粱\r\n[02:41.69]纷纭中欣赏\r\n[02:43.47]后来有一生明旷漱玉噙香\r\n[02:47.42]乌江旁歌霸王\r\n[02:50.03]结一代清雅无双\r\n[02:53.23]举世衣冠齐望\r\n[02:55.17]而燕燕于飞\r\n[02:57.27]怎甘随波低昂\r\n[02:59.17]睥睨燕云月上\r\n[03:01.75]谁马踏桃花\r\n[03:04.23]画角长吟金鼓铿锵\r\n[03:06.33]寸土不让\r\n[03:07.97]万军一剑挡\r\n[03:34.49]煌煌千载辉光\r\n[03:38.84]古今盛筵长\r\n[03:43.38]何幸有你登场\r\n[03:47.69]共举霞觞\r\n[03:51.49]谁血做胭脂\r\n[03:53.64]枪起夭矫龙翔\r\n[03:55.55]翠袖虎符封疆\r\n[03:58.18]谁又定两朝风波\r\n[04:01.30]掌三世的荣光\r\n[04:03.19]今夜我为你轻叙巾帼芬芳\r\n[04:07.20]浩歌一曲传香\r\n[04:09.70]唱不完跌宕\r\n[04:12.26]明媚刚强\r\n[04:13.05]百代秾华千秋榜样\r\n[04:16.03]行经故梦今又来访\r\n[04:18.96]天高海阔盛世飞扬\r\n[04:21.83]再谱十万章', '1', '1', null, null, null);
INSERT INTO `song` VALUES ('32', '1', '25', '38', '战舞幻想曲OP', '/pic/32b903b4-0bc6-4670-ae12-de09c06a70e4.PNG', '/mp3/47b9c375-4a8f-4438-a559-ddf83772b114.mp3', '', '1', '1', null, null, null);
INSERT INTO `song` VALUES ('33', '1', '25', '38', '冠世一战', '/pic/70cbf33d-ba91-49e0-b744-ca7d29053f4d.PNG', '/mp3/bb45c8e7-804b-4334-a20d-1fe46a4d3d38.mp3', '[00:01.42]虽千万人逆我之 我仍执着\r\n[00:04.99]侠客行遍九州恩仇奔波\r\n[00:07.58]刀光剑影里是谁的明眸粲粲如星火\r\n[00:12.86]纵使我双掌倚天 苍龙伏获\r\n[00:15.62]奈何降不住这人心如魔\r\n[00:18.49]所谓天下第一 怎囿我 天高海阔\r\n[00:25.10]《冠世一战 ——2019bilibili拜年祭》\r\n[00:32.56]作/编曲：litterzy\r\n[00:33.27]作词：墨大筝\r\n[00:33.97]演唱：言和\r\n[00:34.59]调校：Creuzer\r\n[00:35.24]混音：CuTTleFish\r\n[00:35.92]笛子：水玥儿\r\n[00:36.63]古筝：墨韵随步摇\r\n[00:37.34]曲绘：骸鸦（黑茶别馆）&食莲丼（黑茶别馆）\r\n[00:38.62]水墨插画：周告斑&鹤庵波影&微生\r\n[00:39.32]视频：Xirokyo（麻薯映像）&残垣留梦（麻薯映像）\r\n[00:40.64]脚本：Oneways\r\n[00:41.32]标题书法：暴走的刺猬（麻薯映像）\r\n[00:42.00]监制：纳兰寻风\r\n[00:42.63]翻唱：鹿予\r\n[00:43.32]后期：NamieMeng\r\n[00:43.98]\r\n[00:53.08]飞雪连天 扬沙漫地华山巅 谁论剑\r\n[00:58.82]盖世绝学 宏图业 究竟能有多执念\r\n[01:04.28]狭路相逢 离离分分 游丝难织就双飞燕\r\n[01:09.10]天之道 损有余 所求仍不得圆\r\n[01:14.61]斗胆教日月射落\r\n[01:17.14]白针将剑招拆破\r\n[01:20.37]谁逐鹿 谁流离 谁问鼎 谁失所\r\n[01:23.20]此战 何必笑我\r\n[01:25.78]虽千万人逆我之 我仍执着\r\n[01:28.36]侠客行遍九州恩仇奔波\r\n[01:31.04]刀光剑影里是谁的明眸粲粲如星火\r\n[01:36.14]纵使我双掌倚天 苍龙伏获\r\n[01:39.23]奈何降不住这人心如魔\r\n[01:41.89]所谓天下第一 怎囿我 天高海阔\r\n[01:50.11]\r\n[02:06.40]左右逢源 大悟大彻黑白颠 谁周旋\r\n[02:11.92]书剑快意 仁无敌越是冠绝 越决绝\r\n[02:16.73]痴缠眷侣 生死相许 渺万里层云 千山雪\r\n[02:22.10]侠之道 为国为民敢向天下先\r\n[02:27.38]内力将乾坤腾挪\r\n[02:30.12]轻功点水上烟波\r\n[02:33.06]阴与阳 柔与刚 强与弱 对与错\r\n[02:36.08]此战 我战与我\r\n[02:38.38]虽千万人逆我之 我仍执着\r\n[02:41.32]侠客行遍九州恩仇奔波\r\n[02:43.73]刀光剑影里是谁的明眸粲粲如星火\r\n[02:48.91]纵使我双掌倚天 苍龙伏获\r\n[02:52.00]奈何降不住这人心如魔\r\n[02:54.76]所谓天下第一 怎囿我 天高海阔\r\n[03:02.27]\r\n[03:39.98]所幸敝屣荣华且把酒\r\n[03:46.07]风雨偏洗岳阳楼\r\n[03:51.34]冠世侠者先天下之忧\r\n[03:56.58]此战 再出手\r\n[03:59.83]虽千万人逆我之 我仍执着\r\n[04:02.30]寒铓再出江湖付身家国\r\n[04:04.84]踏破贺兰山缺 君自有 还我山河胆魄\r\n[04:10.08]纵使我双掌倚天 苍龙伏获\r\n[04:12.90]拼此生 尚不知 是功是过\r\n[04:15.59]若非冠世一战 后人何处听传说', '1', '1', null, null, null);

-- ----------------------------
-- Table structure for `songer`
-- ----------------------------
DROP TABLE IF EXISTS `songer`;
CREATE TABLE `songer` (
  `SRID` int(10) NOT NULL AUTO_INCREMENT,
  `TID` int(10) DEFAULT NULL,
  `SRNAME` varchar(20) DEFAULT NULL,
  `INTRO` text,
  `AREA` varchar(20) DEFAULT NULL,
  `PIC` varchar(100) DEFAULT NULL,
  `IS_HOT` int(2) DEFAULT NULL,
  PRIMARY KEY (`SRID`)
) ENGINE=InnoDB AUTO_INCREMENT=28 DEFAULT CHARSET=utf8;

-- ----------------------------
-- Records of songer
-- ----------------------------
INSERT INTO `songer` VALUES ('1', '1', '赵传', '赵传，1961年6月18日出生于台湾嘉义市，歌手、音乐人 [1]  。\r\n1987年赵传加入滚石。1988年11月1日发行自己的第一张专辑《我很丑，可是我很温柔》，歌曲《我很丑，可是我很温柔》入围最佳年度歌曲奖和最佳单曲歌唱录影带影片奖', '大陆', '/pic/d4eddf1a-8669-4f2a-ae7c-b1a883048bfc.jpg', '1');
INSERT INTO `songer` VALUES ('2', '1', '张信哲', '张信哲，1967年3月26日生于中国台湾云林县。中国台湾流行乐男歌手、演员、舞台剧团团长。1987年张信哲签约滚石唱片的子公司巨石音乐，1989年发行第一张专辑《说谎》', '大陆', '/pic/6ab02edd-9403-4d9e-be17-2972908ba9b6.jpg', '1');
INSERT INTO `songer` VALUES ('3', '2', '齐秦', '齐秦（Chyi Chin），1960年1月12日出生于台湾省台中市，歌手齐豫的弟弟，华语流行男歌手、音乐创作人、演员。1981年，发行第一张唱片《又见溜溜的她》出道，后应征入伍。1985年，退役后发表首张创作专辑《狼的专辑》', '大陆', '/pic/37f05c53-aa91-4376-8e49-4166abca7e5c.jpg', '1');
INSERT INTO `songer` VALUES ('4', '1', '张学友', '张学友（Jacky Cheung），1961年7月10日出生于香港，中国香港男歌手、演员，毕业于香港崇文英文书院。\r\n1984年因获得首届香港十八区业余歌唱大赛冠军而出道。1985年发行个人首张专辑《Smile》。1993年发行的专辑《吻别》打破华语唱片在台湾的销量纪录 [1]  。1995年起连续两年获得世界音乐大奖全球销量最高华人歌手奖 [2-3]  。1997年参与策划的音乐剧《雪狼湖》在香港连续演出42场。1998年获得第9届台湾金曲奖最佳国语男演唱人奖 [4]  。2001年获得第23届十大中文金曲金针奖 [5]  。2004年发行首张个人全创作专辑《Life Is Like A Dream》。2010年12月30日至2011年12月29日，举办“张学友1/2世纪世界巡回演唱会”，打破12个月内巡演观众人数的吉尼斯世界纪录 [6]  。2013年获得第35届十大中文金曲金曲35周年荣誉大奖 [7]  。2016年举行“A CLASSIC TOUR 学友·经典世界巡回演唱会” [8]  。', '香港', '/pic/a3fe9e58-3d1a-4b8a-81de-e169e008fdf2.jpg', '1');
INSERT INTO `songer` VALUES ('5', '1', '周华健', '周华健（Emil Wakin Chau），1960年12月22日生于香港西营盘，祖籍广东省汕头市潮南区。中国台湾流行乐男歌手、音乐人、演员，毕业于台湾大学。1984年凭借个人创作单曲《谁曾说过》进入演艺圈。1986年加入滚石唱片公司。1987年凭借专辑《心的方向》获得关注；同年参演电影处女作《桂花巷》。1989年发行个人首张概念专辑《最真的梦》，其中歌曲《这城市有爱》获得第2届台湾金曲奖最佳年度歌', '香港', '/pic/07f227ed-88b9-4586-b054-7bf038049ab3.jpg', '1');
INSERT INTO `songer` VALUES ('6', '5', '王菲', '1989年，凭借歌曲《仍是旧句子》在香港歌坛出道 [3]  ，同年发行首张个人专辑《王靖雯》 [4]  。1992年，因演唱歌曲《容易受伤的女人》而被听众所熟知。1993年，在专辑《十万个为什么？》 中尝试另类音乐的风格 [5]  。1994年，发行专辑《天空》，并获得十大劲歌金曲最受欢迎女歌星奖；同年在香港红磡体育馆举办18场“最精彩演唱会”，打破中国香港歌手初次开演唱会的场次纪录 [6]  。1996年，成为首位登上美国《时代周刊》封面的华人歌手 [7]  。1998年，因在央视春晚上演唱歌曲《相约1998》而在中国内地获得更多的关注 [8]  ；同年发行专辑《唱游》，通过运用颤音、拖音等技巧确立其个人风格 [9-10]  ，并于次年获得新加坡SPVA唱片畅销排行榜年度销量冠军 [11]  。', '香港', '/pic/207314a0-da21-44a4-9480-fa8000b0f215.jpg', '0');
INSERT INTO `songer` VALUES ('7', '2', '屠洪刚', '屠洪刚，1967年3月出生于北京，中国内地男歌手、国家一级演员 [1]  ，毕业于中国戏曲学院。 [2] \r\n1978年考入中国戏曲学院，毕业即进入铁路文工团担任独唱演员，开启了演艺生涯。1988年，21岁的屠洪刚参加第三届全国青年歌手电视大奖赛，获优秀歌手奖。 [2]  1990年，屠洪刚首次参加春晚 [3]  ，并演唱开场曲，开始被观众熟知。1996年，推出歌曲《霸王别姬》迅速走红，同年歌曲MTV获得“中国音乐电视大赛”金奖。之后几年陆续推出了《中国功夫》《孔雀东南飞》《藏龙卧虎》《精忠报国》系列中国风歌曲，开启了流行乐坛“中国风”潮流，被称为“新古典主义”领军人物。\r\n2011年6月，在歌坛消失六年的屠洪刚，携带歌曲《自己人》再次回归乐坛，并启动“本色英雄”全球巡回演唱会。 [4]  2015年4月2日，屠洪刚电影处女作《咱们结婚吧》全国公映。 [5]', '大陆', '/pic/a57f08e6-d702-43ef-b7dd-aa015520f925.jpg', '1');
INSERT INTO `songer` VALUES ('8', '5', '张宇', '张宇，本名张博翔，1967年4月30日出生于台湾省台北市，毕业于逢甲大学银行保险系，擅长钢琴及吉他。华语男歌手、音乐创作人、主持人、演员。\r\n学生时代在民歌餐厅驻唱；1992年，经过凡人二重唱（莫凡、袁惟仁）的引荐，被大滚唱片的制作人蔡宗政发掘而正式出道；1993年4月1日发行了首张张专辑《走路有风》，同年11月发行的专辑《用心良苦》，获得多个奖项，专辑同名主打歌成为其代表作之一；1995年发行专辑《一言难尽》，获得台湾金曲龙虎榜全年排行总冠军 ；1998年发行专辑《月亮、太阳》，在台湾卖出80万张，主打歌《月亮惹的祸》为港剧《圆月弯刀》主题曲，成为其代表作之一；', '大陆', '/pic/77bea203-520e-4e31-85db-240a69b0319c.jpg', '1');
INSERT INTO `songer` VALUES ('9', '5', '任贤齐', '任贤齐，1966年6月23日出生于台湾省彰化县，祖籍湖北武汉江夏区。中国台湾流行乐男歌手、演员、赛车手、导演。1990年，发行音乐合辑《奔向彩虹》以歌手的身份正式出道。1991年，首次出演电影《官兵捉强盗》进入演艺圈。1996年，凭借歌曲《心太软》为人们熟知。1997年，《心太软》专辑荣获香港电台十大劲爆国语金曲铜奖、香港新城精选104电台国语金奖等奖项。1998年，发行专辑《爱像太平洋》', '台湾', '/pic/c2cbe30e-abe4-453e-88d3-739ed732b8e2.jpg', '0');
INSERT INTO `songer` VALUES ('10', '2', '伍佰', '伍佰，本名吴俊霖，1968年1月14日生于台湾台北新店，中国台湾男歌手，词曲创作人，音乐制作人，演员，摄影家。1992年伍佰成立摇滚乐团「伍佰 & China Blue」并担任主唱及主音吉他手；同年，伍佰发行首张个人专辑《爱上别人是快乐的事》。1994年发行的国语专辑《浪人情歌》被中华音乐人交流协会评选为十大专辑。1998年凭借台语专辑《树枝孤鸟》获第十届金曲奖最佳演唱专辑奖。', '香港', '/pic/6e0e8028-ffe1-459e-b215-d2631b1df2a6.jpg', '1');
INSERT INTO `songer` VALUES ('11', '1', '张雨生', '张雨生（1966年6月7日-1997年11月12日），出生于台湾省澎湖县马公市，歌手、音乐人、制作人。\r\n1988年自组金属小子乐团；同年因演唱《我的未来不是梦》而获得关注 [1]  。1989年推出首张专辑《天天想你》。1990年10月入围第二届金曲奖最佳男演唱人 [2]  。1992年凭借歌曲《大海》走红。1993年推出专辑《一天到晚游泳的鱼》。1994年9月推出专辑《卡拉OK·台北·我》。1997年推出专辑《口是心非》，获得第9届台湾金曲奖最佳流行音乐演唱唱片奖 [3]  。\r\n1997年10月20日凌晨，张雨生在回淡水途中发生车祸；11月12日，张雨生逝世，终年31岁。', '香港', '/pic/6beee06a-7993-44ca-a8d7-cd06534893b9.jpg', '1');
INSERT INTO `songer` VALUES ('25', '1', '祖娅纳惜', '国人唱见，所属社团Signal—E。 bilibili个人空间：http://t.cn/RiPJ7pD 5sing中国原创音乐基地：http://t.cn/RwNmvGI', '大陆', '/pic/466aabbd-b348-4869-852c-c62b4d077d61.jpg', '1');
